ItemCode,ItemName,BatchNum,OwnerCode,Owner,Quantity,InDate,AgeDays
JW000000000071,JSW HR COIL 14.3X1550 WIR025,26584669/G2036281,BSV01373,WHEELS INDIA LIMITED (VENDOR),28.605000,2026-08-29,41
JW000000000071,JSW HR COIL 14.3X1550 WIR025,26634341/D2045459,,,27.245000,2026-09-26,13
JW000000000071,JSW HR COIL 14.3X1550 WIR025,26634340/F2045462,BSV01373,WHEELS INDIA LIMITED (VENDOR),27.180000,2026-09-26,13
JW000000000160,WUHAN HR COIL 14.3X1190 WIR006,JW-010746,BSV01373,WHEELS INDIA LIMITED (VENDOR),24.745000,2026-09-01,38
JW000000000142,WUHAN HR COIL 14.3X1240 WIR006,JW-009931,BSV01373,WHEELS INDIA LIMITED (VENDOR),24.670000,2026-08-10,60
JW000000000141,WUHAN HR COIL 12.4X1250 WIR006,JW-009932,BSV01373,WHEELS INDIA LIMITED (VENDOR),24.650000,2026-08-10,60
JW000000000137,WUHAN HR COIL 12.1X1270 WIR006,JW-010751,BSV01373,WHEELS INDIA LIMITED (VENDOR),24.640000,2026-09-02,37
JW000000000142,WUHAN HR COIL 14.3X1240 WIR006,JW-010752,BSV01373,WHEELS INDIA LIMITED (VENDOR),24.630000,2026-09-02,37
JW000000000161,WUHAN HR COIL 18X1260 WIR006,JW-010748,BSV01373,WHEELS INDIA LIMITED (VENDOR),24.630000,2026-09-02,37
JW000000000138,WUHAN HR COIL 18.8X1260 WIR006,JW-009933,BSV01373,WHEELS INDIA LIMITED (VENDOR),24.590000,2026-08-10,60
JW000000000138,WUHAN HR COIL 18.8X1260 WIR006,JW-009940,BSV01373,WHEELS INDIA LIMITED (VENDOR),24.442000,2026-08-10,60
HR000000001020,JSW HR COIL 16MMX1190 WIR006,26585756/A598802,,,23.770000,2026-08-20,50
HR000000001020,JSW HR COIL 16MMX1190 WIR006,26585757/A598802,,,23.545000,2026-08-20,50
JW000000000172,JSW HR COIL 15.6X1270 WIR006,26621207,BSV01373,WHEELS INDIA LIMITED (VENDOR),23.440000,2026-09-07,32
JW000000000086,AMNS HR COIL 12.4X1250  WIR006,NH9244/J86636,,,22.890000,2026-09-19,20
JW000000000086,AMNS HR COIL 12.4X1250  WIR006,NH9243/J86659,BSV01373,WHEELS INDIA LIMITED (VENDOR),22.820000,2026-09-19,20
JW000000000086,AMNS HR COIL 12.4X1250  WIR006,NH9245/J86726,BSV01373,WHEELS INDIA LIMITED (VENDOR),22.805000,2026-08-28,42
JW000000000114,AMNS HR COIL 12.1X1270 WIR006,NI4135/S38428,BSV01373,WHEELS INDIA LIMITED (VENDOR),22.745000,2026-08-24,46
JW000000000097,AMNS HR COIL 18X1260  WIR006,NI8806/P39391,BSV01373,WHEELS INDIA LIMITED (VENDOR),22.575000,2026-09-19,20
JW000000000023,AMNS HR COIL 11.2X1250  WIR006,NI9050/P39391,,,22.570000,2026-09-12,27
JW000000000023,AMNS HR COIL 11.2X1250  WIR006,NI8811/P39391,,,22.495000,2026-09-15,24
JW000000000097,AMNS HR COIL 18X1260  WIR006,NI8809/P39391,,,22.475000,2026-09-19,20
JW000000000074,AMNS HR COIL 16X1190 WIR006,NI2824,,,21.270000,2026-08-28,42
JW000000000074,AMNS HR COIL 16X1190 WIR006,NI2822,,,21.205000,2026-08-28,42
JW000000000074,AMNS HR COIL 16X1190 WIR006,NI9734/26203280,,,20.525000,2026-09-16,23
JW000000000155,JSOL HR COIL 16X1210 WIR006,2611690038,,,20.478000,2026-08-31,39
JW000000000151,JSOL HR COIL 14.3X1190 WIR006,2611690044/F64533,,,20.436000,2026-08-27,43
JW000000000155,JSOL HR COIL 16X1210 WIR006,2611690037,BSV01373,WHEELS INDIA LIMITED (VENDOR),20.422000,2026-08-31,39
JW000000000152,JSOL HR COIL 16X1190 WIR006,2611690048/F64532,BSV01373,WHEELS INDIA LIMITED (VENDOR),20.387000,2026-08-26,44
JW000000000153,JSOL HR COIL 11.2X1250 WIR006,2611690026/F64530,BSV01373,WHEELS INDIA LIMITED (VENDOR),20.371000,2026-08-26,44
JW000000000074,AMNS HR COIL 16X1190 WIR006,NI9736,BSV01373,WHEELS INDIA LIMITED (VENDOR),20.360000,2026-09-11,28
JW000000000152,JSOL HR COIL 16X1190 WIR006,2611730059/F64532,,,20.333000,2026-08-26,44
JW000000000076,AMNS HR COIL 12.1X1190 WIR006,NI9004/26303243,,,20.305000,2026-09-12,27
JW000000000074,AMNS HR COIL 16X1190 WIR006,NI9737,,,20.270000,2026-09-11,28
JW000000000152,JSOL HR COIL 16X1190 WIR006,2611690049/F64532,,,20.234000,2026-08-26,44
JW000000000153,JSOL HR COIL 11.2X1250 WIR006,2611690027/F64530,,,20.169000,2026-08-26,44
JW000000000200,JSOL HR PLATE 14.3X1190X1950 WIR006,JW-010548-A,,,7.377000,2026-10-06,3
JW000000000186,JSOL HR PLATE 18X1260X4488 WIR006,2611690022-B,,,5.952000,2026-09-24,15
JW000000000078,JSW HR PLATE 12.4X1550X2170 WIR025,26634478/F2045462-A,BSV01373,WHEELS INDIA LIMITED (VENDOR),3.568000,2026-10-07,2
RDU000000000204,JSOL HR PRIME BLANKS/FLATS 14.3X235X1950 WIR006,JW-010548-A-A,,,3.516000,2026-10-08,1
NMDC000000000041,NMDC HR COIL 5MMX1250,JW-008262,BSV01353,NMDC STEEL LTD,2.035000,2026-04-13,179
NMDC000000000041,NMDC HR COIL 5MMX1250,JW-008264,BSV01353,NMDC STEEL LTD,2.035000,2026-04-13,179
NMDC000000000041,NMDC HR COIL 5MMX1250,JW-008263,BSV01353,NMDC STEEL LTD,2.030000,2026-04-13,179
NMDC000000000041,NMDC HR COIL 5MMX1250,JW-008265,BSV01353,NMDC STEEL LTD,2.025000,2026-04-13,179
NMDC000000000041,NMDC HR COIL 5MMX1250,JW-009708,BSV01353,NMDC STEEL LTD,1.635000,2026-07-29,72
NMDC000000000041,NMDC HR COIL 5MMX1250,JW-009706,BSV01353,NMDC STEEL LTD,1.625000,2026-07-29,72
NMDC000000000041,NMDC HR COIL 5MMX1250,JW-009561,BSV01353,NMDC STEEL LTD,1.620000,2026-07-22,79
NMDC000000000041,NMDC HR COIL 5MMX1250,JW-009707,BSV01353,NMDC STEEL LTD,1.615000,2026-07-29,72
RDU000000000201,JSOL HR BLANKS/FLATS 16X1210 SCRAP WIR006,2611690036/F64529-A-C,,,1.504000,2026-09-29,10
RDU000000000122,AMNS HR  BLANKS/FLATS 16X1190 SCRAP  WIR006,NI2823/R35463-A-B,,,1.352000,2026-10-05,4
RDU000000000205,JSOL HR  BLANKS/FLATS 14.3X1190 SCRAP  WIR006,JW-010547-C-B,BSV01373,WHEELS INDIA LIMITED (VENDOR),1.041000,2026-10-09,0
NMDC000000000057,NMDC HR COIL 3MMX1500,6945/JUNE,,,1.025000,2026-06-17,114
RDU000000000141,AMNS HR  BLANKS/FLATS 12.1X1190 SCRAP  WIR006,NI2818/R35462-A-D,BSV01373,WHEELS INDIA LIMITED (VENDOR),0.725000,2026-09-30,9
NMDC000000000057,NMDC HR COIL 3MMX1500,JW-008619,BSV01353,NMDC STEEL LTD,0.650000,2026-05-19,143
RDU000000000141,AMNS HR  BLANKS/FLATS 12.1X1190 SCRAP  WIR006,NI9003/26203280-A-C,BSV01373,WHEELS INDIA LIMITED (VENDOR),0.649000,2026-10-05,4
NMDC000000000057,NMDC HR COIL 3MMX1500,JW-008633,BSV01353,NMDC STEEL LTD,0.590000,2026-05-21,141
RDU000000000205,JSOL HR  BLANKS/FLATS 14.3X1190 SCRAP  WIR006,JW-010547-B-B,BSV01373,WHEELS INDIA LIMITED (VENDOR),0.589000,2026-10-09,0
NMDC000000000057,NMDC HR COIL 3MMX1500,JW-008618,BSV01353,NMDC STEEL LTD,0.570000,2026-05-19,143
NMDC000000000057,NMDC HR COIL 3MMX1500,JW-009075,BSV01353,NMDC STEEL LTD,0.565000,2026-06-17,114
NMDC000000000057,NMDC HR COIL 3MMX1500,JW-009076,BSV01353,NMDC STEEL LTD,0.545000,2026-06-17,114
NMDC000000000057,NMDC HR COIL 3MMX1500,JW-009562,BSV01353,NMDC STEEL LTD,0.525000,2026-07-22,79
NMDC000000000057,NMDC HR COIL 3MMX1500,JW-009709,BSV01353,NMDC STEEL LTD,0.505000,2026-07-29,72
JW000000000166,AMNS HR PLATE 18.8X1260XCTL WIR006,NH1780-B,,,0.485000,2026-09-30,9
NMDC000000000057,NMDC HR COIL 3MMX1500,JW-009710,BSV01353,NMDC STEEL LTD,0.470000,2026-07-29,72
RDU000000000201,JSOL HR BLANKS/FLATS 16X1210 SCRAP WIR006,2611690036-D,,,0.459000,2026-10-03,6
RDU000000000205,JSOL HR  BLANKS/FLATS 14.3X1190 SCRAP  WIR006,JW-010547-A-B,BSV01373,WHEELS INDIA LIMITED (VENDOR),0.437000,2026-10-09,0
RDU000000000109,JSW HR  BLANKS/FLATS 16X1190 SCRAP  WIR006,26565887/A596382-B-B,,,0.374000,2026-09-08,31
RDU000000000122,AMNS HR  BLANKS/FLATS 16X1190 SCRAP  WIR006,NI2823/R35463-B-B,,,0.343000,2026-10-05,4
RDU000000000192,JSOL HR BLANKS/FLATS 18X1260 SCRAP WIR006,2611690022-A-B,,,0.279000,2026-09-24,15
NMDC000000000057,NMDC HR COIL 3MMX1500,JW-008632,BSV01353,NMDC STEEL LTD,0.275000,2026-05-21,141
RDU000000000117,JSW HR  BLANKS/FLATS 12.4X1550 SCRAP  WIR025,26584663/D2036278-B-B,,,0.162000,2026-08-31,39
RDU000000000192,JSOL HR BLANKS/FLATS 18X1260 SCRAP WIR006,2611690021-B-B,BSV01373,WHEELS INDIA LIMITED (VENDOR),0.157000,2026-09-21,18
RDU000000000192,JSOL HR BLANKS/FLATS 18X1260 SCRAP WIR006,2611690021-A-C,BSV01373,WHEELS INDIA LIMITED (VENDOR),0.144000,2026-09-21,18
RDU000000000187,JSW HR  BLANKS/FLATS 16X1210 SCRAP  WIR006,26566345/C596394-C-B,,,0.138000,2026-09-17,22
JW000000000166,AMNS HR PLATE 18.8X1260XCTL WIR006,NH0913-B,,,0.117000,2026-09-16,23
RDU000000000168,HYUNDAI HR  BLANKS/FLATS 14.3X1240 SCRAP  WIR006,JW-009095-B-B,BSV01373,WHEELS INDIA LIMITED (VENDOR),0.095000,2026-09-28,11
RDU000000000181,WUHAN HR  BLANKS/FLATS 14.3X1190 SCRAP  WIR006,JW-010745-B-B,BSV01373,WHEELS INDIA LIMITED (VENDOR),0.095000,2026-09-11,28
RDU000000000169,WUHAN HR PRIME BLANKS/FLATS 16X290X1970 WIR006,JW-009922-A-D,BSV01373,WHEELS INDIA LIMITED (VENDOR),0.065000,2026-10-05,4
RDU000000000189,WUHAN HR  BLANKS/FLATS 12.1X1270 SCRAP  WIR006,JW-010749-A-B,BSV01373,WHEELS INDIA LIMITED (VENDOR),0.028000,2026-09-19,20
RDU000000000167,WUHAN HR BLANKS/FLATS 16X1190 SCRAP WIR006,JW-011542-B,,,0.026000,2026-10-08,1
RDU000000000177,WUHAN HR BLANKS/FLATS 16X1210 SCRAP WIR006,JW-011541-A,,,0.022000,2026-10-08,1
RDU000000000116,JSW HR PRIME BLANKS/FLATS 12.4X221X2170 WIR025,26634478/F2045462-A-B,BSV01373,WHEELS INDIA LIMITED (VENDOR),0.012000,2026-10-08,1
RDU000000000122,AMNS HR  BLANKS/FLATS 16X1190 SCRAP  WIR006,NI2820/R35462-A-B,BSV01373,WHEELS INDIA LIMITED (VENDOR),0.010000,2026-09-22,17
RDU000000000202,WUHAN HR PRIME BLANKS/FLATS 16X218X1970 WIR006,JW-009922-A-C,BSV01373,WHEELS INDIA LIMITED (VENDOR),0.003000,2026-10-05,4
