ItemCode,ItemName,ItemGroup,Category,WhsCode,WhsName,OnHand,Committed,OnOrder,Grade,Thickness,Width,Length
NMDC000000000029,NMDC HR COIL 2MMX1250,SAIL H.R.PLATE,1. SAIL HR,38,Chennai Warehouse - COIL,228.860000,37.000000,96.450000,,,,
NMDC000000000025,NMDC HR COIL 3MMX1250 E250,SAIL H.R.PLATE,1. SAIL HR,38,Chennai Warehouse - COIL,209.770000,28.000000,25.000000,,,,
NMDC000000000027,NMDC HR COIL 10MMX1500,SAIL H.R.PLATE,1. SAIL HR,38,Chennai Warehouse - COIL,181.498000,0.000000,0.000000,,,,
NMDC000000000022,NMDC HR COIL 12MMX1500/E350,SAIL H.R.PLATE,1. SAIL HR,38,Chennai Warehouse - COIL,179.862000,3.000000,0.000000,,,,
NMDC000000000021,NMDC HR COIL 8MMX1500/E350,SAIL H.R.PLATE,1. SAIL HR,38,Chennai Warehouse - COIL,157.523000,0.000000,42.850000,,,,
NMDC000000000012,NMDC HR COIL 8MMX1250,SAIL H.R.PLATE,1. SAIL HR,38,Chennai Warehouse - COIL,146.490000,0.000000,0.001000,,,,
NMDC000000000013,NMDC HR COIL 6MMX1250,SAIL H.R.PLATE,1. SAIL HR,38,Chennai Warehouse - COIL,126.050000,0.000000,0.000000,,,,
NMDC000000000018,NMDC HR COIL 10MMX1500/E350,SAIL H.R.PLATE,1. SAIL HR,38,Chennai Warehouse - COIL,125.510000,3.000000,80.000000,,,,
NMDC000000000009,NMDC HR COIL 10MMX1250,SAIL H.R.PLATE,1. SAIL HR,38,Chennai Warehouse - COIL,125.320000,0.000000,42.221000,,,,
HR000000000549,SAIL HR COIL 20MMX1500,SAIL HR COIL,1. SAIL HR,38,Chennai Warehouse - COIL,125.260000,0.000000,1.001000,,,,
NMDC000000000006,NMDC HR COIL 8MMX1500,SAIL H.R.PLATE,1. SAIL HR,38,Chennai Warehouse - COIL,104.350000,3.000000,0.000000,,,,
NMDC000000000010,NMDC HR COIL 10MMX1250/E350,SAIL H.R.PLATE,1. SAIL HR,38,Chennai Warehouse - COIL,104.100000,0.000000,20.880000,,,,
NMDC000000000064,NMDC HR COIL 8MMX1250/E350,SAIL H.R.PLATE,1. SAIL HR,38,Chennai Warehouse - COIL,96.623000,0.000000,0.010000,,,,
HR000000000267,SAIL HR COIL 12MMX2000,SAIL HR COIL,1. SAIL HR,38,Chennai Warehouse - COIL,96.300000,0.000000,0.000000,,,,
HR000000000266,SAIL HR COIL 10MMX2000,SAIL HR COIL,1. SAIL HR,38,Chennai Warehouse - COIL,96.080000,0.000000,0.000000,,,,
NMDC000000000060,NMDC HR COIL 6MMX1500/E350,SAIL H.R.PLATE,1. SAIL HR,38,Chennai Warehouse - COIL,90.442000,0.000000,1.000000,,,,
HR000000000551,SAIL HR COIL 20MMX1250,SAIL HR COIL,1. SAIL HR,38,Chennai Warehouse - COIL,84.880000,0.000000,63.650000,,,,
NMDC000000000059,NMDC HR COIL 6MMX1250/E350,SAIL H.R.PLATE,1. SAIL HR,38,Chennai Warehouse - COIL,84.810000,0.000000,0.000000,,,,
HR000000000315,SAIL HR COIL 6MMX2000/E350BR,SAIL HR COIL,1. SAIL HR,38,Chennai Warehouse - COIL,81.207000,0.000000,0.000000,,,,
NMDC000000000062,NMDC HR COIL 5MMX1500XE350,SAIL H.R.PLATE,1. SAIL HR,38,Chennai Warehouse - COIL,79.829000,0.000000,40.090000,,,,
NMDC000000000042,NMDC HR COIL 5MMX1500,SAIL H.R.PLATE,1. SAIL HR,38,Chennai Warehouse - COIL,73.580000,0.000000,0.000000,,,,
CH000000000015,SAIL CHEQUERED COIL 6MMX1250,SAIL H.R.PLATE,1. SAIL HR,38,Chennai Warehouse - COIL,64.580000,0.000000,0.000000,,,,
HR000000000536,SAIL HR COIL 10MMX2000/E350BR,SAIL HR COIL,1. SAIL HR,38,Chennai Warehouse - COIL,64.460000,0.000000,0.000000,,,,
HR000000000265,SAIL HR COIL 8MMX2000,SAIL HR COIL,1. SAIL HR,38,Chennai Warehouse - COIL,64.290000,0.000000,1.000000,,,,
CH000000000013,SAIL CHEQUERED COIL 5MMX1250,SAIL H.R.PLATE,1. SAIL HR,38,Chennai Warehouse - COIL,64.280000,0.000000,0.000000,,,,
HR000000000565,SAIL HR COIL 20MMX2000,SAIL HR COIL,1. SAIL HR,38,Chennai Warehouse - COIL,64.150000,0.000000,0.000000,,,,
HR000000000264,SAIL HR COIL 6MMX2000,SAIL HR COIL,1. SAIL HR,38,Chennai Warehouse - COIL,64.000000,0.000000,64.280000,,,,
HR000000000560,SAIL HR COIL 16MMX2000/E350BR,SAIL HR COIL,1. SAIL HR,38,Chennai Warehouse - COIL,63.930000,0.000000,0.000000,,,,
HR000000000628,SAIL HR COIL 14MMX2000,SAIL HR COIL,1. SAIL HR,38,Chennai Warehouse - COIL,63.550000,0.000000,0.000000,,,,
NMDC000000000020,NMDC HR COIL 16MMX1500,SAIL H.R.PLATE,1. SAIL HR,38,Chennai Warehouse - COIL,63.140000,0.000000,0.010000,,,,
NMDC000000000028,NMDC HR COIL 14MMX1500/E350,SAIL H.R.PLATE,1. SAIL HR,38,Chennai Warehouse - COIL,62.910000,0.000000,0.000000,,,,
NMDC000000000041,NMDC HR COIL 5MMX1250,SAIL H.R.PLATE,1. SAIL HR,38,Chennai Warehouse - COIL,62.830000,0.000000,0.001000,,,,
NMDC000000000063,NMDC HR COIL 5MMX1250/E350,SAIL H.R.PLATE,1. SAIL HR,38,Chennai Warehouse - COIL,62.790000,0.000000,0.000000,,,,
NMDC000000000017,NMDC HR COIL 12MMX1500,SAIL H.R.PLATE,1. SAIL HR,38,Chennai Warehouse - COIL,62.340000,3.000000,0.000000,,,,
CH000000000014,SAIL CHEQUERED COIL 4MMX1250,SAIL H.R.PLATE,1. SAIL HR,38,Chennai Warehouse - COIL,54.900000,0.000000,0.000000,,,,
HR000000000181,JSW HR COIL 8MMX2000,JSW H.R.COIL,5. JSW HR,38,Chennai Warehouse - COIL,53.285000,0.000000,0.000000,,,,
NMDC000000000037,NMDC HR COIL 2.5MMX1250,SAIL H.R.PLATE,1. SAIL HR,38,Chennai Warehouse - COIL,52.597000,0.000000,0.000000,,,,
NMDC000000000023,NMDC HR COIL 16MMX1500/E350,SAIL H.R.PLATE,1. SAIL HR,38,Chennai Warehouse - COIL,42.190000,0.000000,0.000000,,,,
HR000000000990,SAIL HR COIL 5MMX2000/E350,SAIL HR COIL,1. SAIL HR,38,Chennai Warehouse - COIL,32.290000,0.000000,0.000000,,,,
HR000000000608,SAIL HR COIL 14MMX2000/E350BR,SAIL HR COIL,1. SAIL HR,38,Chennai Warehouse - COIL,32.180000,0.000000,0.000000,,,,
HR000000000566,SAIL HR COIL 12MMX2000/E350BR,SAIL HR COIL,1. SAIL HR,38,Chennai Warehouse - COIL,32.160000,0.000000,1.010000,,,,
HR000000000461,SAIL HR COIL 16MMX2000,SAIL HR COIL,1. SAIL HR,38,Chennai Warehouse - COIL,32.110000,0.000000,0.000000,,,,
HR000000000575,SAIL HR COIL 20MMX2000/E350BR,SAIL HR COIL,1. SAIL HR,38,Chennai Warehouse - COIL,32.020000,0.000000,0.000000,,,,
HR000000000025,JSW HR COIL 16MMX2000,JSW H.R.COIL,5. JSW HR,38,Chennai Warehouse - COIL,31.040000,0.000000,0.000000,,,,
HR000000000604,SAIL HR COIL 20MMX1500/E350BR,SAIL HR COIL,1. SAIL HR,38,Chennai Warehouse - COIL,31.000000,0.000000,0.000000,,,,
HR000000000087,SSP HR COIL 12MMX1250,SAIL H.R.PLATE,1. SAIL HR,38,Chennai Warehouse - COIL,30.820000,0.000000,0.000000,,,,
HR000000000537,SAIL HR COIL 8MMX2000/E350BR,SAIL HR COIL,1. SAIL HR,38,Chennai Warehouse - COIL,28.260000,0.000000,25.030000,,,,
HR000000001028,JSW HR COIL 20MMX2000/E250BR,JSW H.R.COIL,5. JSW HR,38,Chennai Warehouse - COIL,27.780000,0.000000,0.000000,,,,
CH000000000011,SAIL CHEQUERED COIL 3MMX1250,SAIL H.R.PLATE,1. SAIL HR,38,Chennai Warehouse - COIL,21.920000,0.000000,0.001000,,,,
HR000000000972,H.R COIL 4MMX1250/E350BR,OTHERS,8. OTHERS,38,Chennai Warehouse - COIL,21.635000,0.000000,0.000000,,,,
HR000000000317,SAIL HR COIL 10MMX1500/E350C,SAIL HR COIL,1. SAIL HR,38,Chennai Warehouse - COIL,21.530000,0.000000,0.000000,,,,
NMDC000000000046,NMDC HR COIL 16MMX1500/E350BR,SAIL H.R.PLATE,1. SAIL HR,38,Chennai Warehouse - COIL,21.100000,0.000000,0.000000,,,,
NMDC000000000016,NMDC HR COIL 12MMX1250,SAIL H.R.PLATE,1. SAIL HR,38,Chennai Warehouse - COIL,21.070000,0.000000,0.000000,,,,
NMDC000000000011,NMDC HR COIL 3.8MMX1250,SAIL H.R.PLATE,1. SAIL HR,38,Chennai Warehouse - COIL,20.890000,6.000000,6.000000,,,,
NMDC000000000019,NMDC HR COIL 6MMX1500,SAIL H.R.PLATE,1. SAIL HR,38,Chennai Warehouse - COIL,20.880000,3.000000,0.000000,,,,
HR000000000633,SAIL HR COIL 16MMX1250/E350,SAIL HR COIL,1. SAIL HR,38,Chennai Warehouse - COIL,20.800000,0.000000,0.000000,,,,
NMDC000000000014,NMDC HR COIL 5.8MMX1250,SAIL H.R.PLATE,1. SAIL HR,38,Chennai Warehouse - COIL,20.740000,18.000000,15.001000,,,,
NMDC000000000033,NMDC HR COIL 4.8MMX1500/HSFQ450,SAIL H.R.PLATE,1. SAIL HR,38,Chennai Warehouse - COIL,20.710000,18.000000,21.000000,,,,
NMDC000000000008,NMDC HR COIL 4MMX1250,SAIL H.R.PLATE,1. SAIL HR,38,Chennai Warehouse - COIL,20.520000,0.000000,0.000000,,,,
HR000000001029,SAIL HR COIL 3.5MMX1250/E250,SAIL HR COIL,1. SAIL HR,38,Chennai Warehouse - COIL,17.520000,0.000000,0.000000,,,,
CH000000000047,SAIL CHEQUERED COIL 5MMX1500,SAIL H.R.PLATE,1. SAIL HR,38,Chennai Warehouse - COIL,15.920000,0.000000,0.000000,,,,
HR000000000393,SAIL HR COIL 5MMX2000,SAIL HR COIL,1. SAIL HR,38,Chennai Warehouse - COIL,14.549000,0.000000,0.000000,,,,
HR000000001025,AMNS HR COIL 12X2000MM/E350BR,OTHERS,8. OTHERS,38,Chennai Warehouse - COIL,11.457000,0.000000,0.000000,,,,
NMDC000000000065,NMDC HR COIL 14MMX1500,SAIL H.R.PLATE,1. SAIL HR,38,Chennai Warehouse - COIL,10.988000,0.000000,0.000000,,,,
,Consumables (group total — sample data),Consumables,9. CONSUMABLES,46,Consumables,10858.290000,5.000000,1675.000000,,,,
,HR Coil (group total — sample data),HR Coil,1. SAIL HR,11,Chennai Warehouse,1170.621000,2594.484200,3134.307600,,,,
,HR Coil (group total — sample data),HR Coil,1. SAIL HR,45,JOB WORK WAREHOUSE,1063.207000,307.187600,1.190000,,,,
,HR Coil (group total — sample data),HR Coil,1. SAIL HR,50,Ready to Steel,2.397000,11.873000,1.000000,,,,
,HR Coil (group total — sample data),HR Coil,1. SAIL HR,51,Pending Warehouse,146.646000,0.000000,0.000000,,,,
,JSW H.R.COIL (group total — sample data),JSW H.R.COIL,5. JSW HR,22,Salem - Subcontract Warehouse,100.130000,0.000000,0.000000,,,,
,JSW H.R.COIL (group total — sample data),JSW H.R.COIL,5. JSW HR,45,JOB WORK WAREHOUSE,91.745000,0.000000,0.000000,,,,
,JSW H.R.COIL (group total — sample data),JSW H.R.COIL,5. JSW HR,52,Chennai - Subcontract Warehouse,10.390000,0.000000,0.000000,,,,
,JSW H.R.SHEET (group total — sample data),JSW H.R.SHEET,5. JSW HR,22,Salem - Subcontract Warehouse,0.390000,0.000000,0.000000,,,,
,OTHERS (group total — sample data),OTHERS,8. OTHERS,11,Chennai Warehouse,528.840000,511.270500,58294.753600,,,,
,OTHERS (group total — sample data),OTHERS,8. OTHERS,46,Consumables,0.643000,0.000000,0.000000,,,,
,OTHERS (group total — sample data),OTHERS,8. OTHERS,50,Ready to Steel,1.000000,0.000000,0.000000,,,,
,OTHERS (group total — sample data),OTHERS,8. OTHERS,51,Pending Warehouse,22.575000,0.000000,0.000000,,,,
,RINL STRL (group total — sample data),RINL STRL,4. RINL STRL,11,Chennai Warehouse,814.979000,267.656000,388.091000,,,,
,RINL TMT (group total — sample data),RINL TMT,3. RINL TMT,11,Chennai Warehouse,718.672000,1169.936000,3874.810000,,,,
,SAIL H.R.PLATE (group total — sample data),SAIL H.R.PLATE,1. SAIL HR,07,Salem Warehouse,1.380000,400.343000,277.090000,,,,
,SAIL H.R.PLATE (group total — sample data),SAIL H.R.PLATE,1. SAIL HR,11,Chennai Warehouse,12.440000,4618.766400,13020.240000,,,,
,SAIL H.R.PLATE (group total — sample data),SAIL H.R.PLATE,1. SAIL HR,22,Salem - Subcontract Warehouse,721.951000,0.000000,0.000000,,,,
,SAIL HR COIL (group total — sample data),SAIL HR COIL,1. SAIL HR,11,Chennai Warehouse,4.420000,582.126600,9790.855000,,,,
,SAIL HR COIL (group total — sample data),SAIL HR COIL,1. SAIL HR,22,Salem - Subcontract Warehouse,1.320000,0.000000,0.000000,,,,
,SAIL HR SHEET (group total — sample data),SAIL HR SHEET,1. SAIL HR,11,Chennai Warehouse,5.731000,1288.511000,1053.518300,,,,
,SAIL HR SHEET (group total — sample data),SAIL HR SHEET,1. SAIL HR,22,Salem - Subcontract Warehouse,0.125000,0.000000,0.000000,,,,
,SAIL P.M.PLATE (group total — sample data),SAIL P.M.PLATE,8. OTHERS,11,Chennai Warehouse,14.081000,0.000000,83.115000,,,,
,SAIL STRUCTURAL (group total — sample data),SAIL STRUCTURAL,2. SAIL STRUCTURALS,11,Chennai Warehouse,2308.854000,1360.189000,79041.082000,,,,
,SAIL STRUCTURAL (group total — sample data),SAIL STRUCTURAL,2. SAIL STRUCTURALS,39,Stock In Transit,269.660000,0.000000,39.980000,,,,
,SAIL TMT (group total — sample data),SAIL TMT,7. SAIL TMT,11,Chennai Warehouse,4.480000,59.615000,7029.928000,,,,
,SAIL TMT - SEQR (group total — sample data),SAIL TMT - SEQR,7. SAIL TMT,11,Chennai Warehouse,103.103000,6.520000,20443.021000,,,,
