Brand,Yr,Mth,Qty,Amount,Invoices
HYUNDAI,2026,3,37.555000,25622.730000,3
JSW,2026,3,18.175000,23991.000000,2
AMNS,2026,4,126.767200,129635.170000,9
HYUNDAI,2026,4,239.060200,213268.050000,17
JSW,2026,4,190.963100,228648.080000,15
AMNS,2026,5,38.118500,50316.420000,5
HYUNDAI,2026,5,145.724000,198124.910000,8
JSW,2026,5,101.414700,158070.560000,8
AMNS,2026,6,102.663000,150313.810000,6
HYUNDAI,2026,6,174.975000,208250.080000,10
JSW,2026,6,243.550200,279706.340000,13
AMNS,2026,7,311.985000,370193.610000,19
HYUNDAI,2026,7,177.640000,228201.560000,16
JSW,2026,7,154.990000,141785.480000,13
AMNS,2026,8,197.910000,260228.880000,20
HYUNDAI,2026,8,81.790000,75127.630000,6
JSW,2026,8,226.610000,246131.600000,18
WUHAN,2026,8,70.770000,86082.160000,7
AMNS,2026,9,136.390000,170070.760000,8
HYUNDAI,2026,9,68.180000,67329.740000,6
JSOL,2026,9,52.600000,90821.460000,7
JSW,2026,9,126.720000,123377.880000,13
WUHAN,2026,9,318.610000,507950.540000,30
AMNS,2026,10,4.010000,5293.200000,1
HYUNDAI,2026,10,3.150000,4158.000000,1
JSOL,2026,10,4.750000,6930.250000,1
WUHAN,2026,10,8.200000,11963.800000,1
