ItemCode,ItemName,ItemGroup,OwnerCode,OwnerName,BatchNum,CoilNo,Mothercoil,Grade,Thick,Width,Length,Quantity,BatchCount,AgeDays
RDU000000000141,AMNS HR  BLANKS/FLATS 12.1X1190 SCRAP  WIR006,HR Coil,,,NI2818/R35462-A-D,NI2818/R35462,NI2818/R35462-A,WIR006,12.100000,1190.000000,,1.374000,2,5
RDU000000000122,AMNS HR  BLANKS/FLATS 16X1190 SCRAP  WIR006,HR Coil,,,NI2820/R35462-A-B,NI2820/R35462,NI2820/R35462-A,WIR006,16.000000,1190.000000,,3.050000,3,13
JW000000000114,AMNS HR COIL 12.1X1270 WIR006,HR Coil,,,NI4135/S38428,NI4135/S38428,,WIR006,12.100000,1270.000000,,22.745000,1,42
JW000000000086,AMNS HR COIL 12.4X1250  WIR006,HR Coil,,,NH9245/J86726,NH9245/J86726,,WIR006,12.400000,1250.000000,,22.805000,1,38
JW000000000074,AMNS HR COIL 16X1190 WIR006,HR Coil,,,NI2824,NI2824/R35462,,WIR006,16.000000,1190.000000,,42.475000,2,38
JW000000000123,AMNS HR PLATE 12.4X1250X3750  WIR006,HR Coil,,,NG9535/R35149-A,NG9535/R35149,NG9535/R35149,WIR006,12.400000,1250.000000,3750.000000,21.347000,1,11
JW000000000124,AMNS HR PLATE 12.4X1250XCTL  WIR006,HR Coil,,,NG9535/R35149-B,NG9535/R35149,NG9535/R35149,WIR006,12.400000,1250.000000,,0.406000,1,11
JW000000000182,AMNS HR PLATE 18.8X1260X3796 WIR006,HR Coil,,,NH1780-A,NH1780/R34533,NH1780,WIR006,18.800000,1260.000000,3796.000000,22.044000,1,5
JW000000000166,AMNS HR PLATE 18.8X1260XCTL WIR006,HR Coil,,,NH1780-B,NH1780/R34533,NH1780,WIR006,18.800000,1260.000000,,0.708000,2,5
RDU000000000144,AMNS HR PRIME BLANKS/FLATS 12.1X195X1834 WIR006,HR Coil,,,NI9003/26203280-A-B,NI9003/26203280,NI9003/26203280-A,WIR006,12.100000,195.000000,1834.000000,4.471000,2,0
RDU000000000142,AMNS HR PRIME BLANKS/FLATS 16X136X3150 WIR006,HR Coil,,,NI2823/R35463-A-A,NI2823/R35463,NI2823/R35463-A,WIR006,16.000000,136.000000,3150.000000,12.960000,1,0
RDU000000000203,AMNS HR PRIME BLANKS/FLATS 16X230X1970 WIR006,HR Coil,,,NI2823/R35463-B-A,NI2823/R35463,NI2823/R35463-B,WIR006,16.000000,230.000000,1970.000000,6.610000,1,0
RDU000000000168,HYUNDAI HR  BLANKS/FLATS 14.3X1240 SCRAP  WIR006,HR Coil,,,JW-009095-B-B,CRE49640/V80829,JW-009095-B,WIR006,14.300000,1240.000000,,0.965000,1,7
RDU000000000201,JSOL HR BLANKS/FLATS 16X1210 SCRAP WIR006,HR Coil,,,2611690036/F64529-A-C,2611690036/F64529,2611690036/F64529-A,WIR006,16.000000,1210.000000,,1.963000,2,6
RDU000000000192,JSOL HR BLANKS/FLATS 18X1260 SCRAP WIR006,HR Coil,,,2611690022-A-B,2611690022/F64528,2611690022-A,WIR006,18.000000,1260.000000,,0.580000,3,11
JW000000000153,JSOL HR COIL 11.2X1250 WIR006,HR Coil,,,2611690026/F64530,2611690026/F64530,,WIR006,11.200000,1250.000000,,40.540000,2,40
JW000000000151,JSOL HR COIL 14.3X1190 WIR006,HR Coil,,,JW-010547,2611690045/F64533,,WIR006,14.300000,1190.000000,,61.496000,3,39
JW000000000152,JSOL HR COIL 16X1190 WIR006,HR Coil,,,2611690048/F64532,2611690048/F64532,,WIR006,16.000000,1190.000000,,60.954000,3,40
JW000000000155,JSOL HR COIL 16X1210 WIR006,HR Coil,,,2611690038,2611690038/F64529,,WIR006,16.000000,1210.000000,,40.900000,2,35
JW000000000186,JSOL HR PLATE 18X1260X4488 WIR006,HR Coil,,,2611690022-B,2611690022/F64528,2611690022,WIR006,18.000000,1260.000000,4488.000000,5.952000,1,11
RDU000000000117,JSW HR  BLANKS/FLATS 12.4X1550 SCRAP  WIR025,HR Coil,,,26584663/D2036278-B-B,26584663/D2036278,26584663/D2036278-B,WIR025,12.400000,1550.000000,,0.162000,1,35
RDU000000000109,JSW HR  BLANKS/FLATS 16X1190 SCRAP  WIR006,HR Coil,,,26565887/A596382-B-B,26565887/A596382,26565887/A596382-B,WIR006,16.000000,1190.000000,,0.374000,1,27
RDU000000000187,JSW HR  BLANKS/FLATS 16X1210 SCRAP  WIR006,HR Coil,,,26566345/C596394-C-B,26566345/C596394,26566345/C596394-C,WIR006,16.000000,1190.000000,,0.138000,1,18
JW000000000071,JSW HR COIL 14.3X1550 WIR025,HR Coil,,,26584669/G2036281,26584669/G2036281,,WIR025,14.300000,1550.000000,,28.605000,1,37
JW000000000172,JSW HR COIL 15.6X1270 WIR006,HR Coil,,,26621207,26621207/E2043269,,WIR006,15.600000,1270.000000,,23.440000,1,28
HR000000001020,JSW HR COIL 16MMX1190 WIR006,JSW H.R.COIL,,,26585756/A598802,26585756/A598802,,WIR006,16.000000,1190.000000,,47.315000,2,46
JW000000000108,JSW HR COIL 8.2X1060 WIR006,JSW H.R.COIL,,,26592946/D2037594,26592946/D2037594,,WIR006,8.200000,1060.000000,,20.890000,1,87
JW000000000081,JSW HR PLATE 14.3X1550XCTL WIR025,HR Coil,,,26584665/D2036284-B,26584665/D2036284,26584665/D2036284,WIR025,14.300000,1550.000000,,0.100000,1,13
RDU000000000189,WUHAN HR  BLANKS/FLATS 12.1X1270 SCRAP  WIR006,HR Coil,,,JW-009912-A-B,561332016683/56317794,JW-009912-A,WIR006,12.100000,1270.000000,,0.758000,2,18
RDU000000000181,WUHAN HR  BLANKS/FLATS 14.3X1190 SCRAP  WIR006,HR Coil,,,JW-010745-B-B,561332016350/56317378,JW-010745-B,WIR006,14.300000,1190.000000,,0.095000,1,24
RDU000000000167,WUHAN HR BLANKS/FLATS 16X1190 SCRAP WIR006,HR Coil,,,JW-010761-B-B,561332016921/56317799,JW-010761-B,WIR006,16.000000,1190.000000,,1.194000,4,10
RDU000000000177,WUHAN HR BLANKS/FLATS 16X1210 SCRAP WIR006,HR Coil,,,JW-009922-A-E,561332016664/56317794,JW-009922-A,WIR006,16.000000,1210.000000,,0.941000,1,0
JW000000000137,WUHAN HR COIL 12.1X1270 WIR006,HR Coil,,,JW-010751,561332016681/56317795,,WIR006,12.100000,1270.000000,,24.640000,1,33
JW000000000141,WUHAN HR COIL 12.4X1250 WIR006,HR Coil,,,JW-009932,561332016682/56317795,,WIR006,12.400000,1250.000000,,24.650000,1,56
JW000000000160,WUHAN HR COIL 14.3X1190 WIR006,HR Coil,,,JW-010746,561332016351/56317377,,WIR006,14.300000,1190.000000,,24.745000,1,34
JW000000000142,WUHAN HR COIL 14.3X1240 WIR006,HR Coil,,,JW-009931,561332016677,,WIR006,14.300000,1240.000000,,49.300000,2,56
JW000000000138,WUHAN HR COIL 18.8X1260 WIR006,HR Coil,,,JW-009933,561332016673/56317795,,WIR006,18.800000,1260.000000,,49.032000,2,56
JW000000000161,WUHAN HR COIL 18X1260 WIR006,HR Coil,,,JW-010748,561332016671/56317795,,WIR006,18.000000,1260.000000,,24.630000,1,33
RDU000000000202,WUHAN HR PRIME BLANKS/FLATS 16X218X1970 WIR006,HR Coil,,,JW-009922-A-C,561332016664/56317794,JW-009922-A,WIR006,16.000000,218.000000,1970.000000,9.193000,2,0
RDU000000000169,WUHAN HR PRIME BLANKS/FLATS 16X290X1970 WIR006,HR Coil,,,JW-009922-A-D,561332016664/56317794,JW-009922-A,WIR006,16.000000,290.000000,1970.000000,5.985000,2,0
